filename,label
barquillo/barquillo_0.jpg,0
barquillo/barquillo_1.jpg,0
barquillo/barquillo_2.jpg,0
barquillo/barquillo_3.jpg,0
barquillo/barquillo_4.jpg,0
barquillo/barquillo_5.jpg,0
barquillo/barquillo_6.jpg,0
barquillo/barquillo_7.jpg,0
barquillo/barquillo_8.jpg,0
barquillo/barquillo_9.jpg,0
barquillo/barquillo_10.jpg,0
barquillo/barquillo_11.jpg,0
barquillo/barquillo_12.jpg,0
barquillo/barquillo_13.jpg,0
barquillo/barquillo_14.jpg,0
barquillo/barquillo_15.jpg,0
barquillo/barquillo_16.jpg,0
barquillo/barquillo_17.jpg,0
barquillo/barquillo_18.jpg,0
barquillo/barquillo_19.jpg,0
barquillo/barquillo_20.jpg,0
barquillo/barquillo_21.jpg,0
barquillo/barquillo_22.jpg,0
barquillo/barquillo_23.jpg,0
barquillo/barquillo_24.jpg,0
barquillo/barquillo_25.jpg,0
barquillo/barquillo_26.jpg,0
barquillo/barquillo_27.jpg,0
barquillo/barquillo_28.jpg,0
barquillo/barquillo_29.jpg,0
barquillo/barquillo_30.jpg,0
barquillo/barquillo_31.jpg,0
barquillo/barquillo_32.jpg,0
barquillo/barquillo_33.jpg,0
barquillo/barquillo_34.jpg,0
barquillo/barquillo_35.jpg,0
barquillo/barquillo_36.jpg,0
barquillo/barquillo_37.jpg,0
barquillo/barquillo_38.jpg,0
barquillo/barquillo_39.jpg,0
barquillo/barquillo_40.jpg,0
barquillo/barquillo_41.jpg,0
barquillo/barquillo_42.jpg,0
barquillo/barquillo_43.jpg,0
barquillo/barquillo_44.jpg,0
barquillo/barquillo_45.jpg,0
barquillo/barquillo_46.jpg,0
barquillo/barquillo_47.jpg,0
barquillo/barquillo_48.jpg,0
barquillo/barquillo_49.jpg,0
barquillo/barquillo_50.jpg,0
barquillo/barquillo_51.jpg,0
barquillo/barquillo_52.jpg,0
barquillo/barquillo_53.jpg,0
barquillo/barquillo_54.jpg,0
barquillo/barquillo_55.jpg,0
barquillo/barquillo_56.jpg,0
barquillo/barquillo_57.jpg,0
barquillo/barquillo_58.jpg,0
barquillo/barquillo_59.jpg,0
barquillo/barquillo_60.jpg,0
barquillo/barquillo_61.jpg,0
barquillo/barquillo_62.jpg,0
barquillo/barquillo_63.jpg,0
barquillo/barquillo_64.jpg,0
barquillo/barquillo_65.jpg,0
barquillo/barquillo_66.jpg,0
barquillo/barquillo_67.jpg,0
barquillo/barquillo_68.jpg,0
barquillo/barquillo_69.jpg,0
besos/besos_0.jpg,1
besos/besos_1.jpg,1
besos/besos_2.jpg,1
besos/besos_3.jpg,1
besos/besos_4.jpg,1
besos/besos_5.jpg,1
besos/besos_6.jpg,1
besos/besos_7.jpg,1
besos/besos_8.jpg,1
besos/besos_9.jpg,1
besos/besos_10.jpg,1
besos/besos_11.jpg,1
besos/besos_12.jpg,1
besos/besos_13.jpg,1
besos/besos_14.jpg,1
besos/besos_15.jpg,1
besos/besos_16.jpg,1
besos/besos_17.jpg,1
besos/besos_18.jpg,1
besos/besos_19.jpg,1
besos/besos_20.jpg,1
besos/besos_21.jpg,1
besos/besos_22.jpg,1
besos/besos_23.jpg,1
besos/besos_24.jpg,1
besos/besos_25.jpg,1
besos/besos_26.jpg,1
besos/besos_27.jpg,1
besos/besos_28.jpg,1
besos/besos_29.jpg,1
besos/besos_30.jpg,1
besos/besos_31.jpg,1
besos/besos_32.jpg,1
besos/besos_33.jpg,1
besos/besos_34.jpg,1
besos/besos_35.jpg,1
besos/besos_36.jpg,1
besos/besos_37.jpg,1
besos/besos_38.jpg,1
besos/besos_39.jpg,1
besos/besos_40.jpg,1
besos/besos_41.jpg,1
besos/besos_42.jpg,1
besos/besos_43.jpg,1
besos/besos_44.jpg,1
besos/besos_45.jpg,1
besos/besos_46.jpg,1
besos/besos_47.jpg,1
besos/besos_48.jpg,1
besos/besos_49.jpg,1
besos/besos_50.jpg,1
besos/besos_51.jpg,1
besos/besos_52.jpg,1
besos/besos_53.jpg,1
besos/besos_54.jpg,1
besos/besos_55.jpg,1
besos/besos_56.jpg,1
besos/besos_57.jpg,1
besos/besos_58.jpg,1
besos/besos_59.jpg,1
besos/besos_60.jpg,1
besos/besos_61.jpg,1
besos/besos_62.jpg,1
besos/besos_63.jpg,1
besos/besos_64.jpg,1
besos/besos_65.jpg,1
besos/besos_66.jpg,1
besos/besos_67.jpg,1
besos/besos_68.jpg,1
besos/besos_69.jpg,1
besos/besos_70.jpg,1
besos/besos_71.jpg,1
besos/besos_72.jpg,1
besos/besos_73.jpg,1
besos/besos_74.jpg,1
besos/besos_75.jpg,1
besos/besos_76.jpg,1
besos/besos_77.jpg,1
besos/besos_78.jpg,1
besos/besos_79.jpg,1
besos/besos_80.jpg,1
besos/besos_81.jpg,1
besos/besos_82.jpg,1
besos/besos_83.jpg,1
besos/besos_84.jpg,1
besos/besos_85.jpg,1
besos/besos_86.jpg,1
besos/besos_87.jpg,1
besos/besos_88.jpg,1
besos/besos_89.jpg,1
besos/besos_90.jpg,1
besos/besos_91.jpg,1
besos/besos_92.jpg,1
besos/besos_93.jpg,1
besos/besos_94.jpg,1
besos/besos_95.jpg,1
besos/besos_96.jpg,1
besos/besos_97.jpg,1
besos/besos_98.jpg,1
besos/besos_99.jpg,1
besos/besos_100.jpg,1
besos/besos_101.jpg,1
besos/besos_102.jpg,1
besos/besos_103.jpg,1
besos/besos_104.jpg,1
besos/besos_105.jpg,1
besos/besos_106.jpg,1
besos/besos_107.jpg,1
besos/besos_108.jpg,1
besos/besos_109.jpg,1
besos/besos_110.jpg,1
besos/besos_111.jpg,1
besos/besos_112.jpg,1
besos/besos_113.jpg,1
besos/besos_114.jpg,1
besos/besos_115.jpg,1
conchita/conchita_0.jpg,2
conchita/conchita_1.jpg,2
conchita/conchita_2.jpg,2
conchita/conchita_3.jpg,2
conchita/conchita_4.jpg,2
conchita/conchita_5.jpg,2
conchita/conchita_6.jpg,2
conchita/conchita_7.jpg,2
conchita/conchita_8.jpg,2
conchita/conchita_9.jpg,2
conchita/conchita_10.jpg,2
conchita/conchita_11.jpg,2
conchita/conchita_12.jpg,2
conchita/conchita_13.jpg,2
conchita/conchita_14.jpg,2
conchita/conchita_15.jpg,2
conchita/conchita_16.jpg,2
conchita/conchita_17.jpg,2
conchita/conchita_18.jpg,2
conchita/conchita_19.jpg,2
conchita/conchita_20.jpg,2
conchita/conchita_21.jpg,2
conchita/conchita_22.jpg,2
conchita/conchita_23.jpg,2
conchita/conchita_24.jpg,2
conchita/conchita_25.jpg,2
conchita/conchita_26.jpg,2
conchita/conchita_27.jpg,2
conchita/conchita_28.jpg,2
conchita/conchita_29.jpg,2
conchita/conchita_30.jpg,2
conchita/conchita_31.jpg,2
conchita/conchita_32.jpg,2
conchita/conchita_33.jpg,2
conchita/conchita_34.jpg,2
conchita/conchita_35.jpg,2
conchita/conchita_36.jpg,2
conchita/conchita_37.jpg,2
conchita/conchita_38.jpg,2
conchita/conchita_39.jpg,2
conchita/conchita_40.jpg,2
conchita/conchita_41.jpg,2
conchita/conchita_42.jpg,2
conchita/conchita_43.jpg,2
conchita/conchita_44.jpg,2
conchita/conchita_45.jpg,2
conchita/conchita_46.jpg,2
conchita/conchita_47.jpg,2
conchita/conchita_48.jpg,2
conchita/conchita_49.jpg,2
conchita/conchita_50.jpg,2
conchita/conchita_51.jpg,2
conchita/conchita_52.jpg,2
conchita/conchita_53.jpg,2
conchita/conchita_54.jpg,2
conchita/conchita_55.jpg,2
conchita/conchita_56.jpg,2
conchita/conchita_57.jpg,2
conchita/conchita_58.jpg,2
conchita/conchita_59.jpg,2
conchita/conchita_60.jpg,2
conchita/conchita_61.jpg,2
conchita/conchita_62.jpg,2
conchita/conchita_63.jpg,2
conchita/conchita_64.jpg,2
conchita/conchita_65.jpg,2
conchita/conchita_66.jpg,2
conchita/conchita_67.jpg,2
conchita/conchita_68.jpg,2
conchita/conchita_69.jpg,2
conchita/conchita_70.jpg,2
conchita/conchita_71.jpg,2
conchita/conchita_72.jpg,2
conchita/conchita_73.jpg,2
conchita/conchita_74.jpg,2
conchita/conchita_75.jpg,2
conchita/conchita_76.jpg,2
conchita/conchita_77.jpg,2
conchita/conchita_78.jpg,2
conchita/conchita_79.jpg,2
conchita/conchita_80.jpg,2
conchita/conchita_81.jpg,2
conchita/conchita_82.jpg,2
conchita/conchita_83.jpg,2
conchita/conchita_84.jpg,2
conchita/conchita_85.jpg,2
conchita/conchita_86.jpg,2
conchita/conchita_87.jpg,2
conchita/conchita_88.jpg,2
conchita/conchita_89.jpg,2
conchita/conchita_90.jpg,2
conchita/conchita_91.jpg,2
conchita/conchita_92.jpg,2
conchita/conchita_93.jpg,2
conchita/conchita_94.jpg,2
conchita/conchita_95.jpg,2
conchita/conchita_96.jpg,2
conchita/conchita_97.jpg,2
conchita/conchita_98.jpg,2
conchita/conchita_99.jpg,2
conchita/conchita_100.jpg,2
conchita/conchita_101.jpg,2
conchita/conchita_102.jpg,2
conchita/conchita_103.jpg,2
conchita/conchita_104.jpg,2
conchita/conchita_105.jpg,2
conchita/conchita_106.jpg,2
conchita/conchita_107.jpg,2
conchita/conchita_108.jpg,2
conchita/conchita_109.jpg,2
conchita/conchita_110.jpg,2
conchita/conchita_111.jpg,2
conchita/conchita_112.jpg,2
conchita/conchita_113.jpg,2
conchita/conchita_114.jpg,2
conchita/conchita_115.jpg,2
conchita/conchita_116.jpg,2
conchita/conchita_117.jpg,2
conchita/conchita_118.jpg,2
conchita/conchita_119.jpg,2
conchita/conchita_120.jpg,2
conchita/conchita_121.jpg,2
conchita/conchita_122.jpg,2
conchita/conchita_123.jpg,2
conchita/conchita_124.jpg,2
conchita/conchita_125.jpg,2
conchita/conchita_126.jpg,2
conchita/conchita_127.jpg,2
conchita/conchita_128.jpg,2
conchita/conchita_129.jpg,2
conchita/conchita_130.jpg,2
conchita/conchita_131.jpg,2
conchita/conchita_132.jpg,2
conchita/conchita_133.jpg,2
conchita/conchita_134.jpg,2
conchita/conchita_135.jpg,2
conchita/conchita_136.jpg,2
conchita/conchita_137.jpg,2
conchita/conchita_138.jpg,2
conchita/conchita_139.jpg,2
conchita/conchita_140.jpg,2
conchita/conchita_141.jpg,2
conchita/conchita_142.jpg,2
conchita/conchita_143.jpg,2
conchita/conchita_144.jpg,2
conchita/conchita_145.jpg,2
conchita/conchita_146.jpg,2
conchita/conchita_147.jpg,2
conchita/conchita_148.jpg,2
conchita/conchita_149.jpg,2
conchita/conchita_150.jpg,2
conchita/conchita_151.jpg,2
conchita/conchita_152.jpg,2
conchita/conchita_153.jpg,2
conchita/conchita_154.jpg,2
conchita/conchita_155.jpg,2
conchita/conchita_156.jpg,2
conchita/conchita_157.jpg,2
conchita/conchita_158.jpg,2
conchita/conchita_159.jpg,2
conchita/conchita_160.jpg,2
conchita/conchita_161.jpg,2
conchita/conchita_162.jpg,2
conchita/conchita_163.jpg,2
conchita/conchita_164.jpg,2
conchita/conchita_165.jpg,2
conchita/conchita_166.jpg,2
conchita/conchita_167.jpg,2
conchita/conchita_168.jpg,2
conchita/conchita_169.jpg,2
conchita/conchita_170.jpg,2
conchita/conchita_171.jpg,2
conchita/conchita_172.jpg,2
conchita/conchita_173.jpg,2
conchita/conchita_174.jpg,2
conchita/conchita_175.jpg,2
conchita/conchita_176.jpg,2
conchita/conchita_177.jpg,2
conchita/conchita_178.jpg,2
conchita/conchita_179.jpg,2
conchita/conchita_180.jpg,2
conchita/conchita_181.jpg,2
conchita/conchita_182.jpg,2
conchita/conchita_183.jpg,2
conchita/conchita_184.jpg,2
conchita/conchita_185.jpg,2
conchita/conchita_186.jpg,2
conchita/conchita_187.jpg,2
conchita/conchita_188.jpg,2
conchita/conchita_189.jpg,2
conchita/conchita_190.jpg,2
conchita/conchita_191.jpg,2
conchita/conchita_192.jpg,2
conchita/conchita_193.jpg,2
conchita/conchita_194.jpg,2
conchita/conchita_195.jpg,2
conchita/conchita_196.jpg,2
conchita/conchita_197.jpg,2
conchita/conchita_198.jpg,2
conchita/conchita_199.jpg,2
conchita/conchita_200.jpg,2
conchita/conchita_201.jpg,2
conchita/conchita_202.jpg,2
conchita/conchita_203.jpg,2
conchita/conchita_204.jpg,2
conchita/conchita_205.jpg,2
conchita/conchita_206.jpg,2
conchita/conchita_207.jpg,2
conchita/conchita_208.jpg,2
conchita/conchita_209.jpg,2
conchita/conchita_210.jpg,2
conchita/conchita_211.jpg,2
conchita/conchita_212.jpg,2
conchita/conchita_213.jpg,2
conchita/conchita_214.jpg,2
conchita/conchita_215.jpg,2
conchita/conchita_216.jpg,2
conchita/conchita_217.jpg,2
conchita/conchita_218.jpg,2
conchita/conchita_219.jpg,2
conchita/conchita_220.jpg,2
conchita/conchita_221.jpg,2
conchita/conchita_222.jpg,2
conchita/conchita_223.jpg,2
conchita/conchita_224.jpg,2
conchita/conchita_225.jpg,2
conchita/conchita_226.jpg,2
conchita/conchita_227.jpg,2
conchita/conchita_228.jpg,2
conchita/conchita_229.jpg,2
conchita/conchita_230.jpg,2
conchita/conchita_231.jpg,2
conchita/conchita_232.jpg,2
conchita/conchita_233.jpg,2
conchita/conchita_234.jpg,2
conchita/conchita_235.jpg,2
conchita/conchita_236.jpg,2
conchita/conchita_237.jpg,2
conchita/conchita_238.jpg,2
conchita/conchita_239.jpg,2
conchita/conchita_240.jpg,2
conchita/conchita_241.jpg,2
conchita/conchita_242.jpg,2
conchita/conchita_243.jpg,2
conchita/conchita_244.jpg,2
conchita/conchita_245.jpg,2
conchita/conchita_246.jpg,2
conchita/conchita_247.jpg,2
conchita/conchita_248.jpg,2
conchita/conchita_249.jpg,2
conchita/conchita_250.jpg,2
conchita/conchita_251.jpg,2
conchita/conchita_252.jpg,2
conchita/conchita_253.jpg,2
conchita/conchita_254.jpg,2
conchita/conchita_255.jpg,2
conchita/conchita_256.jpg,2
conchita/conchita_257.jpg,2
conchita/conchita_258.jpg,2
conchita/conchita_259.jpg,2
conchita/conchita_260.jpg,2
conchita/conchita_261.jpg,2
conchita/conchita_262.jpg,2
conchita/conchita_263.jpg,2
conchita/conchita_264.jpg,2
conchita/conchita_265.jpg,2
conchita/conchita_266.jpg,2
conchita/conchita_267.jpg,2
conchita/conchita_268.jpg,2
conchita/conchita_269.jpg,2
conchita/conchita_270.jpg,2
conchita/conchita_271.jpg,2
conchita/conchita_272.jpg,2
conchita/conchita_273.jpg,2
conchita/conchita_274.jpg,2
conchita/conchita_275.jpg,2
conchita/conchita_276.jpg,2
conchita/conchita_277.jpg,2
conchita/conchita_278.jpg,2
conchita/conchita_279.jpg,2
conchita/conchita_280.jpg,2
conchita/conchita_281.jpg,2
conchita/conchita_282.jpg,2
conchita/conchita_283.jpg,2
conchita/conchita_284.jpg,2
conchita/conchita_285.jpg,2
conchita/conchita_286.jpg,2
conchita/conchita_287.jpg,2
conchita/conchita_288.jpg,2
conchita/conchita_289.jpg,2
conchita/conchita_290.jpg,2
conchita/conchita_291.jpg,2
conchita/conchita_292.jpg,2
conchita/conchita_293.jpg,2
conchita/conchita_294.jpg,2
conchita/conchita_295.jpg,2
conchita/conchita_296.jpg,2
conchita/conchita_297.jpg,2
conchita/conchita_298.jpg,2
conchita/conchita_299.jpg,2
conchita/conchita_300.jpg,2
conchita/conchita_301.jpg,2
conchita/conchita_302.jpg,2
conchita/conchita_303.jpg,2
conchita/conchita_304.jpg,2
conchita/conchita_305.jpg,2
conchita/conchita_306.jpg,2
conchita/conchita_307.jpg,2
conchita/conchita_308.jpg,2
conchita/conchita_309.jpg,2
conchita/conchita_310.jpg,2
conchita/conchita_311.jpg,2
conchita/conchita_312.jpg,2
conchita/conchita_313.jpg,2
conchita/conchita_314.jpg,2
conchita/conchita_315.jpg,2
conchita/conchita_316.jpg,2
conchita/conchita_317.jpg,2
cuernitos/cuernitos_0.jpg,3
cuernitos/cuernitos_1.jpg,3
cuernitos/cuernitos_2.jpg,3
cuernitos/cuernitos_3.jpg,3
cuernitos/cuernitos_4.jpg,3
cuernitos/cuernitos_5.jpg,3
cuernitos/cuernitos_6.jpg,3
cuernitos/cuernitos_7.jpg,3
cuernitos/cuernitos_8.jpg,3
cuernitos/cuernitos_9.jpg,3
cuernitos/cuernitos_10.jpg,3
cuernitos/cuernitos_11.jpg,3
cuernitos/cuernitos_12.jpg,3
cuernitos/cuernitos_13.jpg,3
cuernitos/cuernitos_14.jpg,3
cuernitos/cuernitos_15.jpg,3
cuernitos/cuernitos_16.jpg,3
cuernitos/cuernitos_17.jpg,3
cuernitos/cuernitos_18.jpg,3
cuernitos/cuernitos_19.jpg,3
cuernitos/cuernitos_20.jpg,3
cuernitos/cuernitos_21.jpg,3
cuernitos/cuernitos_22.jpg,3
cuernitos/cuernitos_23.jpg,3
cuernitos/cuernitos_24.jpg,3
cuernitos/cuernitos_25.jpg,3
cuernitos/cuernitos_26.jpg,3
cuernitos/cuernitos_27.jpg,3
cuernitos/cuernitos_28.jpg,3
cuernitos/cuernitos_29.jpg,3
cuernitos/cuernitos_30.jpg,3
cuernitos/cuernitos_31.jpg,3
cuernitos/cuernitos_32.jpg,3
cuernitos/cuernitos_33.jpg,3
cuernitos/cuernitos_34.jpg,3
cuernitos/cuernitos_35.jpg,3
cuernitos/cuernitos_36.jpg,3
cuernitos/cuernitos_37.jpg,3
cuernitos/cuernitos_38.jpg,3
cuernitos/cuernitos_39.jpg,3
cuernitos/cuernitos_40.jpg,3
cuernitos/cuernitos_41.jpg,3
cuernitos/cuernitos_42.jpg,3
cuernitos/cuernitos_43.jpg,3
cuernitos/cuernitos_44.jpg,3
cuernitos/cuernitos_45.jpg,3
cuernitos/cuernitos_46.jpg,3
cuernitos/cuernitos_47.jpg,3
cuernitos/cuernitos_48.jpg,3
cuernitos/cuernitos_49.jpg,3
cuernitos/cuernitos_50.jpg,3
cuernitos/cuernitos_51.jpg,3
cuernitos/cuernitos_52.jpg,3
cuernitos/cuernitos_53.jpg,3
cuernitos/cuernitos_54.jpg,3
cuernitos/cuernitos_55.jpg,3
cuernitos/cuernitos_56.jpg,3
cuernitos/cuernitos_57.jpg,3
cuernitos/cuernitos_58.jpg,3
cuernitos/cuernitos_59.jpg,3
cuernitos/cuernitos_60.jpg,3
cuernitos/cuernitos_61.jpg,3
cuernitos/cuernitos_62.jpg,3
cuernitos/cuernitos_63.jpg,3
cuernitos/cuernitos_64.jpg,3
cuernitos/cuernitos_65.jpg,3
cuernitos/cuernitos_66.jpg,3
cuernitos/cuernitos_67.jpg,3
cuernitos/cuernitos_68.jpg,3
cuernitos/cuernitos_69.jpg,3
cuernitos/cuernitos_70.jpg,3
cuernitos/cuernitos_71.jpg,3
cuernitos/cuernitos_72.jpg,3
cuernitos/cuernitos_73.jpg,3
cuernitos/cuernitos_74.jpg,3
cuernitos/cuernitos_75.jpg,3
cuernitos/cuernitos_76.jpg,3
cuernitos/cuernitos_77.jpg,3
cuernitos/cuernitos_78.jpg,3
cuernitos/cuernitos_79.jpg,3
cuernitos/cuernitos_80.jpg,3
cuernitos/cuernitos_81.jpg,3
cuernitos/cuernitos_82.jpg,3
cuernitos/cuernitos_83.jpg,3
cuernitos/cuernitos_84.jpg,3
cuernitos/cuernitos_85.jpg,3
cuernitos/cuernitos_86.jpg,3
cuernitos/cuernitos_87.jpg,3
cuernitos/cuernitos_88.jpg,3
cuernitos/cuernitos_89.jpg,3
cuernitos/cuernitos_90.jpg,3
cuernitos/cuernitos_91.jpg,3
cuernitos/cuernitos_92.jpg,3
cuernitos/cuernitos_93.jpg,3
cuernitos/cuernitos_94.jpg,3
cuernitos/cuernitos_95.jpg,3
cuernitos/cuernitos_96.jpg,3
cuernitos/cuernitos_97.jpg,3
cuernitos/cuernitos_98.jpg,3
cuernitos/cuernitos_99.jpg,3
cuernitos/cuernitos_100.jpg,3
cuernitos/cuernitos_101.jpg,3
cuernitos/cuernitos_102.jpg,3
cuernitos/cuernitos_103.jpg,3
cuernitos/cuernitos_104.jpg,3
cuernitos/cuernitos_105.jpg,3
cuernitos/cuernitos_106.jpg,3
cuernitos/cuernitos_107.jpg,3
cuernitos/cuernitos_108.jpg,3
cuernitos/cuernitos_109.jpg,3
cuernitos/cuernitos_110.jpg,3
cuernitos/cuernitos_111.jpg,3
cuernitos/cuernitos_112.jpg,3
cuernitos/cuernitos_113.jpg,3
cuernitos/cuernitos_114.jpg,3
cuernitos/cuernitos_115.jpg,3
cuernitos/cuernitos_116.jpg,3
cuernitos/cuernitos_117.jpg,3
cuernitos/cuernitos_118.jpg,3
cuernitos/cuernitos_119.jpg,3
cuernitos/cuernitos_120.jpg,3
cuernitos/cuernitos_121.jpg,3
cuernitos/cuernitos_122.jpg,3
cuernitos/cuernitos_123.jpg,3
cuernitos/cuernitos_124.jpg,3
cuernitos/cuernitos_125.jpg,3
donas/donas_0.jpg,4
donas/donas_1.jpg,4
donas/donas_2.jpg,4
donas/donas_3.jpg,4
donas/donas_4.jpg,4
donas/donas_5.jpg,4
donas/donas_6.jpg,4
donas/donas_7.jpg,4
donas/donas_8.jpg,4
donas/donas_9.jpg,4
donas/donas_10.jpg,4
donas/donas_11.jpg,4
donas/donas_12.jpg,4
donas/donas_13.jpg,4
donas/donas_14.jpg,4
donas/donas_15.jpg,4
donas/donas_16.jpg,4
donas/donas_17.jpg,4
donas/donas_18.jpg,4
donas/donas_19.jpg,4
donas/donas_20.jpg,4
donas/donas_21.jpg,4
donas/donas_22.jpg,4
donas/donas_23.jpg,4
donas/donas_24.jpg,4
donas/donas_25.jpg,4
donas/donas_26.jpg,4
donas/donas_27.jpg,4
donas/donas_28.jpg,4
donas/donas_29.jpg,4
donas/donas_30.jpg,4
donas/donas_31.jpg,4
donas/donas_32.jpg,4
donas/donas_33.jpg,4
donas/donas_34.jpg,4
donas/donas_35.jpg,4
donas/donas_36.jpg,4
donas/donas_37.jpg,4
donas/donas_38.jpg,4
donas/donas_39.jpg,4
donas/donas_40.jpg,4
donas/donas_41.jpg,4
donas/donas_42.jpg,4
donas/donas_43.jpg,4
donas/donas_44.jpg,4
donas/donas_45.jpg,4
donas/donas_46.jpg,4
donas/donas_47.jpg,4
donas/donas_48.jpg,4
donas/donas_49.jpg,4
donas/donas_50.jpg,4
donas/donas_51.jpg,4
donas/donas_52.jpg,4
donas/donas_53.jpg,4
donas/donas_54.jpg,4
donas/donas_55.jpg,4
donas/donas_56.jpg,4
donas/donas_57.jpg,4
donas/donas_58.jpg,4
donas/donas_59.jpg,4
donas/donas_60.jpg,4
donas/donas_61.jpg,4
donas/donas_62.jpg,4
donas/donas_63.jpg,4
donas/donas_64.jpg,4
donas/donas_65.jpg,4
donas/donas_66.jpg,4
donas/donas_67.jpg,4
donas/donas_68.jpg,4
donas/donas_69.jpg,4
donas/donas_70.jpg,4
donas/donas_71.jpg,4
donas/donas_72.jpg,4
donas/donas_73.jpg,4
donas/donas_74.jpg,4
donas/donas_75.jpg,4
donas/donas_76.jpg,4
donas/donas_77.jpg,4
donas/donas_78.jpg,4
donas/donas_79.jpg,4
donas/donas_80.jpg,4
donas/donas_81.jpg,4
donas/donas_82.jpg,4
donas/donas_83.jpg,4
donas/donas_84.jpg,4
donas/donas_85.jpg,4
donas/donas_86.jpg,4
donas/donas_87.jpg,4
donas/donas_88.jpg,4
donas/donas_89.jpg,4
donas/donas_90.jpg,4
donas/donas_91.jpg,4
donas/donas_92.jpg,4
donas/donas_93.jpg,4
donas/donas_94.jpg,4
donas/donas_95.jpg,4
donas/donas_96.jpg,4
donas/donas_97.jpg,4
donas/donas_98.jpg,4
donas/donas_99.jpg,4
donas/donas_100.jpg,4
donas/donas_101.jpg,4
donas/donas_102.jpg,4
donas/donas_103.jpg,4
donas/donas_104.jpg,4
donas/donas_105.jpg,4
donas/donas_106.jpg,4
donas/donas_107.jpg,4
donas/donas_108.jpg,4
donas/donas_109.jpg,4
donas/donas_110.jpg,4
donas/donas_111.jpg,4
donas/donas_112.jpg,4
donas/donas_113.jpg,4
donas/donas_114.jpg,4
donas/donas_115.jpg,4
donas/donas_116.jpg,4
donas/donas_117.jpg,4
orejas/orejas_0.jpg,5
orejas/orejas_1.jpg,5
orejas/orejas_2.jpg,5
orejas/orejas_3.jpg,5
orejas/orejas_4.jpg,5
orejas/orejas_5.jpg,5
orejas/orejas_6.jpg,5
orejas/orejas_7.jpg,5
orejas/orejas_8.jpg,5
orejas/orejas_9.jpg,5
orejas/orejas_10.jpg,5
orejas/orejas_11.jpg,5
orejas/orejas_12.jpg,5
orejas/orejas_13.jpg,5
orejas/orejas_14.jpg,5
orejas/orejas_15.jpg,5
orejas/orejas_16.jpg,5
orejas/orejas_17.jpg,5
orejas/orejas_18.jpg,5
orejas/orejas_19.jpg,5
orejas/orejas_20.jpg,5
orejas/orejas_21.jpg,5
orejas/orejas_22.jpg,5
orejas/orejas_23.jpg,5
orejas/orejas_24.jpg,5
orejas/orejas_25.jpg,5
orejas/orejas_26.jpg,5
orejas/orejas_27.jpg,5
orejas/orejas_28.jpg,5
orejas/orejas_29.jpg,5
orejas/orejas_30.jpg,5
orejas/orejas_31.jpg,5
orejas/orejas_32.jpg,5
orejas/orejas_33.jpg,5
orejas/orejas_34.jpg,5
orejas/orejas_35.jpg,5
orejas/orejas_36.jpg,5
orejas/orejas_37.jpg,5
orejas/orejas_38.jpg,5
orejas/orejas_39.jpg,5
orejas/orejas_40.jpg,5
orejas/orejas_41.jpg,5
orejas/orejas_42.jpg,5
orejas/orejas_43.jpg,5
orejas/orejas_44.jpg,5
orejas/orejas_45.jpg,5
orejas/orejas_46.jpg,5
orejas/orejas_47.jpg,5
orejas/orejas_48.jpg,5
orejas/orejas_49.jpg,5
orejas/orejas_50.jpg,5
orejas/orejas_51.jpg,5
orejas/orejas_52.jpg,5
orejas/orejas_53.jpg,5
orejas/orejas_54.jpg,5
orejas/orejas_55.jpg,5
orejas/orejas_56.jpg,5
orejas/orejas_57.jpg,5
orejas/orejas_58.jpg,5
orejas/orejas_59.jpg,5
orejas/orejas_60.jpg,5
orejas/orejas_61.jpg,5
orejas/orejas_62.jpg,5
orejas/orejas_63.jpg,5
orejas/orejas_64.jpg,5
orejas/orejas_65.jpg,5
orejas/orejas_66.jpg,5
orejas/orejas_67.jpg,5
orejas/orejas_68.jpg,5
orejas/orejas_69.jpg,5
orejas/orejas_70.jpg,5
orejas/orejas_71.jpg,5
orejas/orejas_72.jpg,5
orejas/orejas_73.jpg,5
orejas/orejas_74.jpg,5
orejas/orejas_75.jpg,5
orejas/orejas_76.jpg,5
orejas/orejas_77.jpg,5
orejas/orejas_78.jpg,5
orejas/orejas_79.jpg,5
orejas/orejas_80.jpg,5
orejas/orejas_81.jpg,5
orejas/orejas_82.jpg,5
orejas/orejas_83.jpg,5
orejas/orejas_84.jpg,5
orejas/orejas_85.jpg,5
orejas/orejas_86.jpg,5
orejas/orejas_87.jpg,5
orejas/orejas_88.jpg,5
orejas/orejas_89.jpg,5
orejas/orejas_90.jpg,5
orejas/orejas_91.jpg,5
orejas/orejas_92.jpg,5
orejas/orejas_93.jpg,5
orejas/orejas_94.jpg,5
orejas/orejas_95.jpg,5
orejas/orejas_96.jpg,5
orejas/orejas_97.jpg,5
orejas/orejas_98.jpg,5
orejas/orejas_99.jpg,5
orejas/orejas_100.jpg,5
orejas/orejas_101.jpg,5
orejas/orejas_102.jpg,5
orejas/orejas_103.jpg,5
orejas/orejas_104.jpg,5
orejas/orejas_105.jpg,5
orejas/orejas_106.jpg,5
orejas/orejas_107.jpg,5
orejas/orejas_108.jpg,5
orejas/orejas_109.jpg,5
orejas/orejas_110.jpg,5
orejas/orejas_111.jpg,5
orejas/orejas_112.jpg,5
orejas/orejas_113.jpg,5
orejas/orejas_114.jpg,5
orejas/orejas_115.jpg,5
orejas/orejas_116.jpg,5
orejas/orejas_117.jpg,5
orejas/orejas_118.jpg,5
orejas/orejas_119.jpg,5
orejas/orejas_120.jpg,5
orejas/orejas_121.jpg,5
orejas/orejas_122.jpg,5
orejas/orejas_123.jpg,5
orejas/orejas_124.jpg,5
orejas/orejas_125.jpg,5
orejas/orejas_126.jpg,5
orejas/orejas_127.jpg,5
orejas/orejas_128.jpg,5
orejas/orejas_129.jpg,5
orejas/orejas_130.jpg,5
orejas/orejas_131.jpg,5
orejas/orejas_132.jpg,5
orejas/orejas_133.jpg,5
orejas/orejas_134.jpg,5
orejas/orejas_135.jpg,5
orejas/orejas_136.jpg,5
orejas/orejas_137.jpg,5
orejas/orejas_138.jpg,5
orejas/orejas_139.jpg,5
orejas/orejas_140.jpg,5
orejas/orejas_141.jpg,5
orejas/orejas_142.jpg,5
orejas/orejas_143.jpg,5
orejas/orejas_144.jpg,5
orejas/orejas_145.jpg,5
orejas/orejas_146.jpg,5
orejas/orejas_147.jpg,5
orejas/orejas_148.jpg,5
orejas/orejas_149.jpg,5
orejas/orejas_150.jpg,5
orejas/orejas_151.jpg,5
orejas/orejas_152.jpg,5
orejas/orejas_153.jpg,5
orejas/orejas_154.jpg,5
orejas/orejas_155.jpg,5
orejas/orejas_156.jpg,5
orejas/orejas_157.jpg,5
orejas/orejas_158.jpg,5
orejas/orejas_159.jpg,5
orejas/orejas_160.jpg,5
pan-de-muerto/pan-de-muerto_0.jpg,6
pan-de-muerto/pan-de-muerto_1.jpg,6
pan-de-muerto/pan-de-muerto_2.jpg,6
pan-de-muerto/pan-de-muerto_3.jpg,6
pan-de-muerto/pan-de-muerto_4.jpg,6
pan-de-muerto/pan-de-muerto_5.jpg,6
pan-de-muerto/pan-de-muerto_6.jpg,6
pan-de-muerto/pan-de-muerto_7.jpg,6
pan-de-muerto/pan-de-muerto_8.jpg,6
pan-de-muerto/pan-de-muerto_9.jpg,6
pan-de-muerto/pan-de-muerto_10.jpg,6
pan-de-muerto/pan-de-muerto_11.jpg,6
pan-de-muerto/pan-de-muerto_12.jpg,6
pan-de-muerto/pan-de-muerto_13.jpg,6
pan-de-muerto/pan-de-muerto_14.jpg,6
pan-de-muerto/pan-de-muerto_15.jpg,6
pan-de-muerto/pan-de-muerto_16.jpg,6
pan-de-muerto/pan-de-muerto_17.jpg,6
pan-de-muerto/pan-de-muerto_18.jpg,6
pan-de-muerto/pan-de-muerto_19.jpg,6
pan-de-muerto/pan-de-muerto_20.jpg,6
pan-de-muerto/pan-de-muerto_21.jpg,6
pan-de-muerto/pan-de-muerto_22.jpg,6
pan-de-muerto/pan-de-muerto_23.jpg,6
pan-de-muerto/pan-de-muerto_24.jpg,6
pan-de-muerto/pan-de-muerto_25.jpg,6
pan-de-muerto/pan-de-muerto_26.jpg,6
pan-de-muerto/pan-de-muerto_27.jpg,6
pan-de-muerto/pan-de-muerto_28.jpg,6
pan-de-muerto/pan-de-muerto_29.jpg,6
pan-de-muerto/pan-de-muerto_30.jpg,6
pan-de-muerto/pan-de-muerto_31.jpg,6
pan-de-muerto/pan-de-muerto_32.jpg,6
pan-de-muerto/pan-de-muerto_33.jpg,6
pan-de-muerto/pan-de-muerto_34.jpg,6
pan-de-muerto/pan-de-muerto_35.jpg,6
pan-de-muerto/pan-de-muerto_36.jpg,6
pan-de-muerto/pan-de-muerto_37.jpg,6
pan-de-muerto/pan-de-muerto_38.jpg,6
pan-de-muerto/pan-de-muerto_39.jpg,6
pan-de-muerto/pan-de-muerto_40.jpg,6
pan-de-muerto/pan-de-muerto_41.jpg,6
pan-de-muerto/pan-de-muerto_42.jpg,6
pan-de-muerto/pan-de-muerto_43.jpg,6
pan-de-muerto/pan-de-muerto_44.jpg,6
pan-de-muerto/pan-de-muerto_45.jpg,6
pan-de-muerto/pan-de-muerto_46.jpg,6
pan-de-muerto/pan-de-muerto_47.jpg,6
pan-de-muerto/pan-de-muerto_48.jpg,6
pan-de-muerto/pan-de-muerto_49.jpg,6
pan-de-muerto/pan-de-muerto_50.jpg,6
pan-de-muerto/pan-de-muerto_51.jpg,6
pan-de-muerto/pan-de-muerto_52.jpg,6
pan-de-muerto/pan-de-muerto_53.jpg,6
pan-de-muerto/pan-de-muerto_54.jpg,6
pan-de-muerto/pan-de-muerto_55.jpg,6
pan-de-muerto/pan-de-muerto_56.jpg,6
pan-de-muerto/pan-de-muerto_57.jpg,6
pan-de-muerto/pan-de-muerto_58.jpg,6
pan-de-muerto/pan-de-muerto_59.jpg,6
pan-de-muerto/pan-de-muerto_60.jpg,6
pan-de-muerto/pan-de-muerto_61.jpg,6
pan-de-muerto/pan-de-muerto_62.jpg,6
pan-de-muerto/pan-de-muerto_63.jpg,6
pan-de-muerto/pan-de-muerto_64.jpg,6
pan-de-muerto/pan-de-muerto_65.jpg,6
pan-de-muerto/pan-de-muerto_66.jpg,6
pan-de-muerto/pan-de-muerto_67.jpg,6
pan-de-muerto/pan-de-muerto_68.jpg,6
pan-de-muerto/pan-de-muerto_69.jpg,6
pan-de-muerto/pan-de-muerto_70.jpg,6
pan-de-muerto/pan-de-muerto_71.jpg,6
pan-de-muerto/pan-de-muerto_72.jpg,6
pan-de-muerto/pan-de-muerto_73.jpg,6
pan-de-muerto/pan-de-muerto_74.jpg,6
pan-de-muerto/pan-de-muerto_75.jpg,6
pan-de-muerto/pan-de-muerto_76.jpg,6
pan-de-muerto/pan-de-muerto_77.jpg,6
pan-de-muerto/pan-de-muerto_78.jpg,6
pan-de-muerto/pan-de-muerto_79.jpg,6
pan-de-muerto/pan-de-muerto_80.jpg,6
pan-de-muerto/pan-de-muerto_81.jpg,6
pan-de-muerto/pan-de-muerto_82.jpg,6
pan-de-muerto/pan-de-muerto_83.jpg,6
pan-de-muerto/pan-de-muerto_84.jpg,6
pan-de-muerto/pan-de-muerto_85.jpg,6
pan-de-muerto/pan-de-muerto_86.jpg,6
pan-de-muerto/pan-de-muerto_87.jpg,6
pan-de-muerto/pan-de-muerto_88.jpg,6
pan-de-muerto/pan-de-muerto_89.jpg,6
pan-de-muerto/pan-de-muerto_90.jpg,6
pan-de-muerto/pan-de-muerto_91.jpg,6
pan-de-muerto/pan-de-muerto_92.jpg,6
pan-de-muerto/pan-de-muerto_93.jpg,6
pan-de-muerto/pan-de-muerto_94.jpg,6
pan-de-muerto/pan-de-muerto_95.jpg,6
pan-de-muerto/pan-de-muerto_96.jpg,6
pan-de-muerto/pan-de-muerto_97.jpg,6
pan-de-muerto/pan-de-muerto_98.jpg,6
pan-de-muerto/pan-de-muerto_99.jpg,6
pan-de-muerto/pan-de-muerto_100.jpg,6
pan-de-muerto/pan-de-muerto_101.jpg,6
pan-de-muerto/pan-de-muerto_102.jpg,6
pan-de-muerto/pan-de-muerto_103.jpg,6
pan-de-muerto/pan-de-muerto_104.jpg,6
pan-de-muerto/pan-de-muerto_105.jpg,6
pan-de-muerto/pan-de-muerto_106.jpg,6
pan-de-muerto/pan-de-muerto_107.jpg,6
pan-de-muerto/pan-de-muerto_108.jpg,6
pan-de-muerto/pan-de-muerto_109.jpg,6
pan-de-muerto/pan-de-muerto_110.jpg,6
pan-de-muerto/pan-de-muerto_111.jpg,6
pan-de-muerto/pan-de-muerto_112.jpg,6
pan-de-muerto/pan-de-muerto_113.jpg,6
pan-de-muerto/pan-de-muerto_114.jpg,6
pan-de-muerto/pan-de-muerto_115.jpg,6
pan-de-muerto/pan-de-muerto_116.jpg,6
pan-de-muerto/pan-de-muerto_117.jpg,6
pan-de-muerto/pan-de-muerto_118.jpg,6
pan-de-muerto/pan-de-muerto_119.jpg,6
pan-de-muerto/pan-de-muerto_120.jpg,6
pan-de-muerto/pan-de-muerto_121.jpg,6
pan-de-muerto/pan-de-muerto_122.jpg,6
pan-de-muerto/pan-de-muerto_123.jpg,6
pan-de-muerto/pan-de-muerto_124.jpg,6
pan-de-muerto/pan-de-muerto_125.jpg,6
pan-de-muerto/pan-de-muerto_126.jpg,6
pan-de-muerto/pan-de-muerto_127.jpg,6
pan-de-muerto/pan-de-muerto_128.jpg,6
pan-de-muerto/pan-de-muerto_129.jpg,6
pan-de-muerto/pan-de-muerto_130.jpg,6
pan-de-muerto/pan-de-muerto_131.jpg,6
pan-de-muerto/pan-de-muerto_132.jpg,6
pan-de-muerto/pan-de-muerto_133.jpg,6
pan-de-muerto/pan-de-muerto_134.jpg,6
pan-de-muerto/pan-de-muerto_135.jpg,6
pan-de-muerto/pan-de-muerto_136.jpg,6
pan-de-muerto/pan-de-muerto_137.jpg,6
pan-de-muerto/pan-de-muerto_138.jpg,6
pan-de-muerto/pan-de-muerto_139.jpg,6
pan-de-muerto/pan-de-muerto_140.jpg,6
pan-de-muerto/pan-de-muerto_141.jpg,6
pan-de-muerto/pan-de-muerto_142.jpg,6
pan-de-muerto/pan-de-muerto_143.jpg,6
pan-de-muerto/pan-de-muerto_144.jpg,6
pan-de-muerto/pan-de-muerto_145.jpg,6
pan-de-muerto/pan-de-muerto_146.jpg,6
pan-de-muerto/pan-de-muerto_147.jpg,6
pan-de-muerto/pan-de-muerto_148.jpg,6
pan-de-muerto/pan-de-muerto_149.jpg,6
pan-de-muerto/pan-de-muerto_150.jpg,6
pan-de-muerto/pan-de-muerto_151.jpg,6
pan-de-muerto/pan-de-muerto_152.jpg,6
pan-de-muerto/pan-de-muerto_153.jpg,6
pan-de-muerto/pan-de-muerto_154.jpg,6
pan-de-muerto/pan-de-muerto_155.jpg,6
pan-de-muerto/pan-de-muerto_156.jpg,6
pan-de-muerto/pan-de-muerto_157.jpg,6
pan-de-muerto/pan-de-muerto_158.jpg,6
pan-de-muerto/pan-de-muerto_159.jpg,6
pan-de-muerto/pan-de-muerto_160.jpg,6
pan-de-muerto/pan-de-muerto_161.jpg,6
pan-de-muerto/pan-de-muerto_162.jpg,6
pan-de-muerto/pan-de-muerto_163.jpg,6
pan-de-muerto/pan-de-muerto_164.jpg,6
pan-de-muerto/pan-de-muerto_165.jpg,6
pan-de-muerto/pan-de-muerto_166.jpg,6
pan-de-muerto/pan-de-muerto_167.jpg,6
pan-de-muerto/pan-de-muerto_168.jpg,6
pan-de-muerto/pan-de-muerto_169.jpg,6
pan-de-muerto/pan-de-muerto_170.jpg,6
pan-de-muerto/pan-de-muerto_171.jpg,6
pan-de-muerto/pan-de-muerto_172.jpg,6
pan-de-muerto/pan-de-muerto_173.jpg,6
pan-de-muerto/pan-de-muerto_174.jpg,6
pan-de-muerto/pan-de-muerto_175.jpg,6
pan-de-muerto/pan-de-muerto_176.jpg,6
pan-de-muerto/pan-de-muerto_177.jpg,6
pan-de-muerto/pan-de-muerto_178.jpg,6
pan-de-muerto/pan-de-muerto_179.jpg,6
pan-de-muerto/pan-de-muerto_180.jpg,6
pan-de-muerto/pan-de-muerto_181.jpg,6
pan-de-muerto/pan-de-muerto_182.jpg,6
pan-de-muerto/pan-de-muerto_183.jpg,6
pan-de-muerto/pan-de-muerto_184.jpg,6
pan-de-muerto/pan-de-muerto_185.jpg,6
pan-de-muerto/pan-de-muerto_186.jpg,6
pan-de-muerto/pan-de-muerto_187.jpg,6
pan-de-muerto/pan-de-muerto_188.jpg,6
pan-de-muerto/pan-de-muerto_189.jpg,6
pan-de-muerto/pan-de-muerto_190.jpg,6
pan-de-muerto/pan-de-muerto_191.jpg,6
pan-de-muerto/pan-de-muerto_192.jpg,6
pan-de-muerto/pan-de-muerto_193.jpg,6
pan-de-muerto/pan-de-muerto_194.jpg,6
pan-de-muerto/pan-de-muerto_195.jpg,6
pan-de-muerto/pan-de-muerto_196.jpg,6
pan-de-muerto/pan-de-muerto_197.jpg,6
pan-de-muerto/pan-de-muerto_198.jpg,6
pan-de-muerto/pan-de-muerto_199.jpg,6
pan-de-muerto/pan-de-muerto_200.jpg,6
pan-de-muerto/pan-de-muerto_201.jpg,6
pan-de-muerto/pan-de-muerto_202.jpg,6
pan-de-muerto/pan-de-muerto_203.jpg,6
pan-de-muerto/pan-de-muerto_204.jpg,6
pan-de-muerto/pan-de-muerto_205.jpg,6
pan-de-muerto/pan-de-muerto_206.jpg,6
pan-de-muerto/pan-de-muerto_207.jpg,6
pan-de-muerto/pan-de-muerto_208.jpg,6
pan-de-muerto/pan-de-muerto_209.jpg,6
pan-de-muerto/pan-de-muerto_210.jpg,6
pan-de-muerto/pan-de-muerto_211.jpg,6
pan-de-muerto/pan-de-muerto_212.jpg,6
pan-de-muerto/pan-de-muerto_213.jpg,6
pan-de-muerto/pan-de-muerto_214.jpg,6
pan-de-muerto/pan-de-muerto_215.jpg,6
pan-de-muerto/pan-de-muerto_216.jpg,6
pan-de-muerto/pan-de-muerto_217.jpg,6
pan-de-muerto/pan-de-muerto_218.jpg,6
pan-de-muerto/pan-de-muerto_219.jpg,6
pan-de-muerto/pan-de-muerto_220.jpg,6
pan-de-muerto/pan-de-muerto_221.jpg,6
pan-de-muerto/pan-de-muerto_222.jpg,6
pan-de-muerto/pan-de-muerto_223.jpg,6
pan-de-muerto/pan-de-muerto_224.jpg,6
pan-de-muerto/pan-de-muerto_225.jpg,6
pan-de-muerto/pan-de-muerto_226.jpg,6
pan-de-muerto/pan-de-muerto_227.jpg,6
pan-de-muerto/pan-de-muerto_228.jpg,6
pan-de-muerto/pan-de-muerto_229.jpg,6
pan-de-muerto/pan-de-muerto_230.jpg,6
pan-de-muerto/pan-de-muerto_231.jpg,6
pan-de-muerto/pan-de-muerto_232.jpg,6
pan-de-muerto/pan-de-muerto_233.jpg,6
pan-de-muerto/pan-de-muerto_234.jpg,6
pan-de-muerto/pan-de-muerto_235.jpg,6
pan-de-muerto/pan-de-muerto_236.jpg,6
pan-de-muerto/pan-de-muerto_237.jpg,6
pan-de-muerto/pan-de-muerto_238.jpg,6
pan-de-muerto/pan-de-muerto_239.jpg,6
pan-de-muerto/pan-de-muerto_240.jpg,6
pan-de-muerto/pan-de-muerto_241.jpg,6
pan-de-muerto/pan-de-muerto_242.jpg,6
pan-de-muerto/pan-de-muerto_243.jpg,6
pan-de-muerto/pan-de-muerto_244.jpg,6
pan-de-muerto/pan-de-muerto_245.jpg,6
pan-de-muerto/pan-de-muerto_246.jpg,6
pan-de-muerto/pan-de-muerto_247.jpg,6
pan-de-muerto/pan-de-muerto_248.jpg,6
pan-de-muerto/pan-de-muerto_249.jpg,6
pan-de-muerto/pan-de-muerto_250.jpg,6
pan-de-muerto/pan-de-muerto_251.jpg,6
pan-de-muerto/pan-de-muerto_252.jpg,6
pan-de-muerto/pan-de-muerto_253.jpg,6
pan-de-muerto/pan-de-muerto_254.jpg,6
pan-de-muerto/pan-de-muerto_255.jpg,6
pan-de-muerto/pan-de-muerto_256.jpg,6
pan-de-muerto/pan-de-muerto_257.jpg,6
pan-de-muerto/pan-de-muerto_258.jpg,6
pan-de-muerto/pan-de-muerto_259.jpg,6
pan-de-muerto/pan-de-muerto_260.jpg,6
pan-de-muerto/pan-de-muerto_261.jpg,6
pan-de-muerto/pan-de-muerto_262.jpg,6
pan-de-muerto/pan-de-muerto_263.jpg,6
pan-de-muerto/pan-de-muerto_264.jpg,6
pan-de-muerto/pan-de-muerto_265.jpg,6
pan-de-muerto/pan-de-muerto_266.jpg,6
pan-de-muerto/pan-de-muerto_267.jpg,6
pan-de-muerto/pan-de-muerto_268.jpg,6
pan-de-muerto/pan-de-muerto_269.jpg,6
puerquito/puerquito_0.jpg,7
puerquito/puerquito_1.jpg,7
puerquito/puerquito_2.jpg,7
puerquito/puerquito_3.jpg,7
puerquito/puerquito_4.jpg,7
puerquito/puerquito_5.jpg,7
puerquito/puerquito_6.jpg,7
puerquito/puerquito_7.jpg,7
puerquito/puerquito_8.jpg,7
puerquito/puerquito_9.jpg,7
puerquito/puerquito_10.jpg,7
puerquito/puerquito_11.jpg,7
puerquito/puerquito_12.jpg,7
puerquito/puerquito_13.jpg,7
puerquito/puerquito_14.jpg,7
puerquito/puerquito_15.jpg,7
puerquito/puerquito_16.jpg,7
puerquito/puerquito_17.jpg,7
puerquito/puerquito_18.jpg,7
puerquito/puerquito_19.jpg,7
puerquito/puerquito_20.jpg,7
puerquito/puerquito_21.jpg,7
puerquito/puerquito_22.jpg,7
puerquito/puerquito_23.jpg,7
puerquito/puerquito_24.jpg,7
puerquito/puerquito_25.jpg,7
puerquito/puerquito_26.jpg,7
puerquito/puerquito_27.jpg,7
puerquito/puerquito_28.jpg,7
puerquito/puerquito_29.jpg,7
puerquito/puerquito_30.jpg,7
puerquito/puerquito_31.jpg,7
puerquito/puerquito_32.jpg,7
puerquito/puerquito_33.jpg,7
puerquito/puerquito_34.jpg,7
puerquito/puerquito_35.jpg,7
puerquito/puerquito_36.jpg,7
puerquito/puerquito_37.jpg,7
puerquito/puerquito_38.jpg,7
puerquito/puerquito_39.jpg,7
puerquito/puerquito_40.jpg,7
puerquito/puerquito_41.jpg,7
puerquito/puerquito_42.jpg,7
puerquito/puerquito_43.jpg,7
puerquito/puerquito_44.jpg,7
puerquito/puerquito_45.jpg,7
puerquito/puerquito_46.jpg,7
puerquito/puerquito_47.jpg,7
puerquito/puerquito_48.jpg,7
puerquito/puerquito_49.jpg,7
puerquito/puerquito_50.jpg,7
puerquito/puerquito_51.jpg,7
puerquito/puerquito_52.jpg,7
puerquito/puerquito_53.jpg,7
puerquito/puerquito_54.jpg,7
puerquito/puerquito_55.jpg,7
puerquito/puerquito_56.jpg,7
puerquito/puerquito_57.jpg,7
puerquito/puerquito_58.jpg,7
puerquito/puerquito_59.jpg,7
puerquito/puerquito_60.jpg,7
puerquito/puerquito_61.jpg,7
puerquito/puerquito_62.jpg,7
puerquito/puerquito_63.jpg,7
puerquito/puerquito_64.jpg,7
puerquito/puerquito_65.jpg,7
puerquito/puerquito_66.jpg,7
puerquito/puerquito_67.jpg,7
puerquito/puerquito_68.jpg,7
puerquito/puerquito_69.jpg,7
puerquito/puerquito_70.jpg,7
puerquito/puerquito_71.jpg,7
puerquito/puerquito_72.jpg,7
puerquito/puerquito_73.jpg,7
puerquito/puerquito_74.jpg,7
puerquito/puerquito_75.jpg,7
puerquito/puerquito_76.jpg,7
puerquito/puerquito_77.jpg,7
puerquito/puerquito_78.jpg,7
puerquito/puerquito_79.jpg,7
puerquito/puerquito_80.jpg,7
puerquito/puerquito_81.jpg,7
puerquito/puerquito_82.jpg,7
puerquito/puerquito_83.jpg,7
puerquito/puerquito_84.jpg,7
puerquito/puerquito_85.jpg,7
puerquito/puerquito_86.jpg,7
puerquito/puerquito_87.jpg,7
puerquito/puerquito_88.jpg,7
puerquito/puerquito_89.jpg,7
puerquito/puerquito_90.jpg,7
puerquito/puerquito_91.jpg,7
puerquito/puerquito_92.jpg,7
puerquito/puerquito_93.jpg,7
puerquito/puerquito_94.jpg,7
puerquito/puerquito_95.jpg,7
puerquito/puerquito_96.jpg,7
puerquito/puerquito_97.jpg,7
puerquito/puerquito_98.jpg,7
puerquito/puerquito_99.jpg,7
puerquito/puerquito_100.jpg,7
puerquito/puerquito_101.jpg,7
puerquito/puerquito_102.jpg,7
puerquito/puerquito_103.jpg,7
puerquito/puerquito_104.jpg,7
puerquito/puerquito_105.jpg,7
puerquito/puerquito_106.jpg,7
puerquito/puerquito_107.jpg,7
puerquito/puerquito_108.jpg,7
puerquito/puerquito_109.jpg,7
puerquito/puerquito_110.jpg,7
puerquito/puerquito_111.jpg,7
puerquito/puerquito_112.jpg,7
puerquito/puerquito_113.jpg,7
puerquito/puerquito_114.jpg,7
puerquito/puerquito_115.jpg,7
puerquito/puerquito_116.jpg,7
puerquito/puerquito_117.jpg,7
puerquito/puerquito_118.jpg,7
puerquito/puerquito_119.jpg,7
puerquito/puerquito_120.jpg,7
puerquito/puerquito_121.jpg,7
puerquito/puerquito_122.jpg,7
puerquito/puerquito_123.jpg,7
puerquito/puerquito_124.jpg,7
puerquito/puerquito_125.jpg,7
puerquito/puerquito_126.jpg,7
puerquito/puerquito_127.jpg,7
puerquito/puerquito_128.jpg,7
puerquito/puerquito_129.jpg,7
puerquito/puerquito_130.jpg,7
puerquito/puerquito_131.jpg,7
puerquito/puerquito_132.jpg,7
puerquito/puerquito_133.jpg,7
puerquito/puerquito_134.jpg,7
puerquito/puerquito_135.jpg,7
puerquito/puerquito_136.jpg,7
puerquito/puerquito_137.jpg,7
puerquito/puerquito_138.jpg,7
puerquito/puerquito_139.jpg,7
puerquito/puerquito_140.jpg,7
puerquito/puerquito_141.jpg,7
puerquito/puerquito_142.jpg,7
puerquito/puerquito_143.jpg,7
puerquito/puerquito_144.jpg,7
puerquito/puerquito_145.jpg,7
puerquito/puerquito_146.jpg,7
puerquito/puerquito_147.jpg,7
puerquito/puerquito_148.jpg,7
puerquito/puerquito_149.jpg,7
puerquito/puerquito_150.jpg,7
puerquito/puerquito_151.jpg,7
puerquito/puerquito_152.jpg,7
quequito/quequito_0.jpg,8
quequito/quequito_1.jpg,8
quequito/quequito_2.jpg,8
quequito/quequito_3.jpg,8
quequito/quequito_4.jpg,8
quequito/quequito_5.jpg,8
quequito/quequito_6.jpg,8
quequito/quequito_7.jpg,8
quequito/quequito_8.jpg,8
quequito/quequito_9.jpg,8
quequito/quequito_10.jpg,8
quequito/quequito_11.jpg,8
quequito/quequito_12.jpg,8
quequito/quequito_13.jpg,8
quequito/quequito_14.jpg,8
quequito/quequito_15.jpg,8
quequito/quequito_16.jpg,8
quequito/quequito_17.jpg,8
quequito/quequito_18.jpg,8
quequito/quequito_19.jpg,8
quequito/quequito_20.jpg,8
quequito/quequito_21.jpg,8
quequito/quequito_22.jpg,8
quequito/quequito_23.jpg,8
quequito/quequito_24.jpg,8
quequito/quequito_25.jpg,8
quequito/quequito_26.jpg,8
quequito/quequito_27.jpg,8
quequito/quequito_28.jpg,8
quequito/quequito_29.jpg,8
quequito/quequito_30.jpg,8
quequito/quequito_31.jpg,8
quequito/quequito_32.jpg,8
quequito/quequito_33.jpg,8
quequito/quequito_34.jpg,8
quequito/quequito_35.jpg,8
quequito/quequito_36.jpg,8
quequito/quequito_37.jpg,8
quequito/quequito_38.jpg,8
quequito/quequito_39.jpg,8
quequito/quequito_40.jpg,8
quequito/quequito_41.jpg,8
quequito/quequito_42.jpg,8
quequito/quequito_43.jpg,8
quequito/quequito_44.jpg,8
quequito/quequito_45.jpg,8
quequito/quequito_46.jpg,8
quequito/quequito_47.jpg,8
quequito/quequito_48.jpg,8
quequito/quequito_49.jpg,8
quequito/quequito_50.jpg,8
quequito/quequito_51.jpg,8
quequito/quequito_52.jpg,8
quequito/quequito_53.jpg,8
quequito/quequito_54.jpg,8
quequito/quequito_55.jpg,8
quequito/quequito_56.jpg,8
quequito/quequito_57.jpg,8
quequito/quequito_58.jpg,8
quequito/quequito_59.jpg,8
quequito/quequito_60.jpg,8
quequito/quequito_61.jpg,8
quequito/quequito_62.jpg,8
quequito/quequito_63.jpg,8
quequito/quequito_64.jpg,8
quequito/quequito_65.jpg,8
quequito/quequito_66.jpg,8
quequito/quequito_67.jpg,8
quequito/quequito_68.jpg,8
quequito/quequito_69.jpg,8
quequito/quequito_70.jpg,8
quequito/quequito_71.jpg,8
quequito/quequito_72.jpg,8
quequito/quequito_73.jpg,8
quequito/quequito_74.jpg,8
quequito/quequito_75.jpg,8
quequito/quequito_76.jpg,8
quequito/quequito_77.jpg,8
quequito/quequito_78.jpg,8
quequito/quequito_79.jpg,8
quequito/quequito_80.jpg,8
quequito/quequito_81.jpg,8
quequito/quequito_82.jpg,8
quequito/quequito_83.jpg,8
quequito/quequito_84.jpg,8
quequito/quequito_85.jpg,8
quequito/quequito_86.jpg,8
quequito/quequito_87.jpg,8
quequito/quequito_88.jpg,8
quequito/quequito_89.jpg,8
quequito/quequito_90.jpg,8
quequito/quequito_91.jpg,8
quequito/quequito_92.jpg,8
quequito/quequito_93.jpg,8
quequito/quequito_94.jpg,8
quequito/quequito_95.jpg,8
quequito/quequito_96.jpg,8
quequito/quequito_97.jpg,8
quequito/quequito_98.jpg,8
quequito/quequito_99.jpg,8
quequito/quequito_100.jpg,8
quequito/quequito_101.jpg,8
quequito/quequito_102.jpg,8
quequito/quequito_103.jpg,8
quequito/quequito_104.jpg,8
quequito/quequito_105.jpg,8
quequito/quequito_106.jpg,8
quequito/quequito_107.jpg,8
quequito/quequito_108.jpg,8
quequito/quequito_109.jpg,8
quequito/quequito_110.jpg,8
quequito/quequito_111.jpg,8
quequito/quequito_112.jpg,8
quequito/quequito_113.jpg,8
quequito/quequito_114.jpg,8
quequito/quequito_115.jpg,8
quequito/quequito_116.jpg,8
quequito/quequito_117.jpg,8
quequito/quequito_118.jpg,8
quequito/quequito_119.jpg,8
quequito/quequito_120.jpg,8
quequito/quequito_121.jpg,8
quequito/quequito_122.jpg,8
quequito/quequito_123.jpg,8
rosca-de-reyes/rosca-de-reyes_0.jpg,9
rosca-de-reyes/rosca-de-reyes_1.jpg,9
rosca-de-reyes/rosca-de-reyes_2.jpg,9
rosca-de-reyes/rosca-de-reyes_3.jpg,9
rosca-de-reyes/rosca-de-reyes_4.jpg,9
rosca-de-reyes/rosca-de-reyes_5.jpg,9
rosca-de-reyes/rosca-de-reyes_6.jpg,9
rosca-de-reyes/rosca-de-reyes_7.jpg,9
rosca-de-reyes/rosca-de-reyes_8.jpg,9
rosca-de-reyes/rosca-de-reyes_9.jpg,9
rosca-de-reyes/rosca-de-reyes_10.jpg,9
rosca-de-reyes/rosca-de-reyes_11.jpg,9
rosca-de-reyes/rosca-de-reyes_12.jpg,9
rosca-de-reyes/rosca-de-reyes_13.jpg,9
rosca-de-reyes/rosca-de-reyes_14.jpg,9
rosca-de-reyes/rosca-de-reyes_15.jpg,9
rosca-de-reyes/rosca-de-reyes_16.jpg,9
rosca-de-reyes/rosca-de-reyes_17.jpg,9
rosca-de-reyes/rosca-de-reyes_18.jpg,9
rosca-de-reyes/rosca-de-reyes_19.jpg,9
rosca-de-reyes/rosca-de-reyes_20.jpg,9
rosca-de-reyes/rosca-de-reyes_21.jpg,9
rosca-de-reyes/rosca-de-reyes_22.jpg,9
rosca-de-reyes/rosca-de-reyes_23.jpg,9
rosca-de-reyes/rosca-de-reyes_24.jpg,9
rosca-de-reyes/rosca-de-reyes_25.jpg,9
rosca-de-reyes/rosca-de-reyes_26.jpg,9
rosca-de-reyes/rosca-de-reyes_27.jpg,9
rosca-de-reyes/rosca-de-reyes_28.jpg,9
rosca-de-reyes/rosca-de-reyes_29.jpg,9
rosca-de-reyes/rosca-de-reyes_30.jpg,9
rosca-de-reyes/rosca-de-reyes_31.jpg,9
rosca-de-reyes/rosca-de-reyes_32.jpg,9
rosca-de-reyes/rosca-de-reyes_33.jpg,9
rosca-de-reyes/rosca-de-reyes_34.jpg,9
rosca-de-reyes/rosca-de-reyes_35.jpg,9
rosca-de-reyes/rosca-de-reyes_36.jpg,9
rosca-de-reyes/rosca-de-reyes_37.jpg,9
rosca-de-reyes/rosca-de-reyes_38.jpg,9
rosca-de-reyes/rosca-de-reyes_39.jpg,9
rosca-de-reyes/rosca-de-reyes_40.jpg,9
rosca-de-reyes/rosca-de-reyes_41.jpg,9
rosca-de-reyes/rosca-de-reyes_42.jpg,9
rosca-de-reyes/rosca-de-reyes_43.jpg,9
rosca-de-reyes/rosca-de-reyes_44.jpg,9
rosca-de-reyes/rosca-de-reyes_45.jpg,9
rosca-de-reyes/rosca-de-reyes_46.jpg,9
rosca-de-reyes/rosca-de-reyes_47.jpg,9
rosca-de-reyes/rosca-de-reyes_48.jpg,9
rosca-de-reyes/rosca-de-reyes_49.jpg,9
rosca-de-reyes/rosca-de-reyes_50.jpg,9
rosca-de-reyes/rosca-de-reyes_51.jpg,9
rosca-de-reyes/rosca-de-reyes_52.jpg,9
rosca-de-reyes/rosca-de-reyes_53.jpg,9
rosca-de-reyes/rosca-de-reyes_54.jpg,9
rosca-de-reyes/rosca-de-reyes_55.jpg,9
rosca-de-reyes/rosca-de-reyes_56.jpg,9
rosca-de-reyes/rosca-de-reyes_57.jpg,9
rosca-de-reyes/rosca-de-reyes_58.jpg,9
rosca-de-reyes/rosca-de-reyes_59.jpg,9
rosca-de-reyes/rosca-de-reyes_60.jpg,9
rosca-de-reyes/rosca-de-reyes_61.jpg,9
rosca-de-reyes/rosca-de-reyes_62.jpg,9
rosca-de-reyes/rosca-de-reyes_63.jpg,9
rosca-de-reyes/rosca-de-reyes_64.jpg,9
rosca-de-reyes/rosca-de-reyes_65.jpg,9
rosca-de-reyes/rosca-de-reyes_66.jpg,9
rosca-de-reyes/rosca-de-reyes_67.jpg,9
rosca-de-reyes/rosca-de-reyes_68.jpg,9
rosca-de-reyes/rosca-de-reyes_69.jpg,9
rosca-de-reyes/rosca-de-reyes_70.jpg,9
rosca-de-reyes/rosca-de-reyes_71.jpg,9
rosca-de-reyes/rosca-de-reyes_72.jpg,9
rosca-de-reyes/rosca-de-reyes_73.jpg,9
rosca-de-reyes/rosca-de-reyes_74.jpg,9
rosca-de-reyes/rosca-de-reyes_75.jpg,9
rosca-de-reyes/rosca-de-reyes_76.jpg,9
rosca-de-reyes/rosca-de-reyes_77.jpg,9
rosca-de-reyes/rosca-de-reyes_78.jpg,9
rosca-de-reyes/rosca-de-reyes_79.jpg,9
rosca-de-reyes/rosca-de-reyes_80.jpg,9
rosca-de-reyes/rosca-de-reyes_81.jpg,9
rosca-de-reyes/rosca-de-reyes_82.jpg,9
rosca-de-reyes/rosca-de-reyes_83.jpg,9
rosca-de-reyes/rosca-de-reyes_84.jpg,9
rosca-de-reyes/rosca-de-reyes_85.jpg,9
rosca-de-reyes/rosca-de-reyes_86.jpg,9
rosca-de-reyes/rosca-de-reyes_87.jpg,9
rosca-de-reyes/rosca-de-reyes_88.jpg,9
rosca-de-reyes/rosca-de-reyes_89.jpg,9
rosca-de-reyes/rosca-de-reyes_90.jpg,9
rosca-de-reyes/rosca-de-reyes_91.jpg,9
rosca-de-reyes/rosca-de-reyes_92.jpg,9
rosca-de-reyes/rosca-de-reyes_93.jpg,9
rosca-de-reyes/rosca-de-reyes_94.jpg,9
rosca-de-reyes/rosca-de-reyes_95.jpg,9
rosca-de-reyes/rosca-de-reyes_96.jpg,9
rosca-de-reyes/rosca-de-reyes_97.jpg,9
rosca-de-reyes/rosca-de-reyes_98.jpg,9
rosca-de-reyes/rosca-de-reyes_99.jpg,9
rosca-de-reyes/rosca-de-reyes_100.jpg,9
rosca-de-reyes/rosca-de-reyes_101.jpg,9
rosca-de-reyes/rosca-de-reyes_102.jpg,9
rosca-de-reyes/rosca-de-reyes_103.jpg,9
rosca-de-reyes/rosca-de-reyes_104.jpg,9
rosca-de-reyes/rosca-de-reyes_105.jpg,9
rosca-de-reyes/rosca-de-reyes_106.jpg,9
rosca-de-reyes/rosca-de-reyes_107.jpg,9
rosca-de-reyes/rosca-de-reyes_108.jpg,9
rosca-de-reyes/rosca-de-reyes_109.jpg,9
rosca-de-reyes/rosca-de-reyes_110.jpg,9
rosca-de-reyes/rosca-de-reyes_111.jpg,9
rosca-de-reyes/rosca-de-reyes_112.jpg,9
rosca-de-reyes/rosca-de-reyes_113.jpg,9
rosca-de-reyes/rosca-de-reyes_114.jpg,9
rosca-de-reyes/rosca-de-reyes_115.jpg,9
rosca-de-reyes/rosca-de-reyes_116.jpg,9
rosca-de-reyes/rosca-de-reyes_117.jpg,9
rosca-de-reyes/rosca-de-reyes_118.jpg,9
rosca-de-reyes/rosca-de-reyes_119.jpg,9
rosca-de-reyes/rosca-de-reyes_120.jpg,9
rosca-de-reyes/rosca-de-reyes_121.jpg,9
rosca-de-reyes/rosca-de-reyes_122.jpg,9
rosca-de-reyes/rosca-de-reyes_123.jpg,9
rosca-de-reyes/rosca-de-reyes_124.jpg,9
rosca-de-reyes/rosca-de-reyes_125.jpg,9
rosca-de-reyes/rosca-de-reyes_126.jpg,9
rosca-de-reyes/rosca-de-reyes_127.jpg,9
rosca-de-reyes/rosca-de-reyes_128.jpg,9
rosca-de-reyes/rosca-de-reyes_129.jpg,9
rosca-de-reyes/rosca-de-reyes_130.jpg,9
rosca-de-reyes/rosca-de-reyes_131.jpg,9
rosca-de-reyes/rosca-de-reyes_132.jpg,9
rosca-de-reyes/rosca-de-reyes_133.jpg,9
rosca-de-reyes/rosca-de-reyes_134.jpg,9
rosca-de-reyes/rosca-de-reyes_135.jpg,9
rosca-de-reyes/rosca-de-reyes_136.jpg,9
rosca-de-reyes/rosca-de-reyes_137.jpg,9
rosca-de-reyes/rosca-de-reyes_138.jpg,9
rosca-de-reyes/rosca-de-reyes_139.jpg,9
rosca-de-reyes/rosca-de-reyes_140.jpg,9
rosca-de-reyes/rosca-de-reyes_141.jpg,9
rosca-de-reyes/rosca-de-reyes_142.jpg,9
rosca-de-reyes/rosca-de-reyes_143.jpg,9
rosca-de-reyes/rosca-de-reyes_144.jpg,9
rosca-de-reyes/rosca-de-reyes_145.jpg,9
rosca-de-reyes/rosca-de-reyes_146.jpg,9
rosca-de-reyes/rosca-de-reyes_147.jpg,9
rosca-de-reyes/rosca-de-reyes_148.jpg,9
rosca-de-reyes/rosca-de-reyes_149.jpg,9
rosca-de-reyes/rosca-de-reyes_150.jpg,9
rosca-de-reyes/rosca-de-reyes_151.jpg,9
rosca-de-reyes/rosca-de-reyes_152.jpg,9
rosca-de-reyes/rosca-de-reyes_153.jpg,9
rosca-de-reyes/rosca-de-reyes_154.jpg,9
rosca-de-reyes/rosca-de-reyes_155.jpg,9
rosca-de-reyes/rosca-de-reyes_156.jpg,9
rosca-de-reyes/rosca-de-reyes_157.jpg,9
rosca-de-reyes/rosca-de-reyes_158.jpg,9
rosca-de-reyes/rosca-de-reyes_159.jpg,9
rosca-de-reyes/rosca-de-reyes_160.jpg,9
rosca-de-reyes/rosca-de-reyes_161.jpg,9
rosca-de-reyes/rosca-de-reyes_162.jpg,9
rosca-de-reyes/rosca-de-reyes_163.jpg,9
rosca-de-reyes/rosca-de-reyes_164.jpg,9
rosca-de-reyes/rosca-de-reyes_165.jpg,9
rosca-de-reyes/rosca-de-reyes_166.jpg,9
rosca-de-reyes/rosca-de-reyes_167.jpg,9
rosca-de-reyes/rosca-de-reyes_168.jpg,9
rosca-de-reyes/rosca-de-reyes_169.jpg,9
rosca-de-reyes/rosca-de-reyes_170.jpg,9
rosca-de-reyes/rosca-de-reyes_171.jpg,9
rosca-de-reyes/rosca-de-reyes_172.jpg,9
rosca-de-reyes/rosca-de-reyes_173.jpg,9
rosca-de-reyes/rosca-de-reyes_174.jpg,9
rosca-de-reyes/rosca-de-reyes_175.jpg,9
rosca-de-reyes/rosca-de-reyes_176.jpg,9
rosca-de-reyes/rosca-de-reyes_177.jpg,9
